,bounds,solucao,erro
0,"[(1e-05, 0.01), (0.01, 0.9)]",[1.24959478e-05 8.99982036e-01],0.15587466088062607
